﻿<?xml version="1.0" encoding="utf-8"?>
<TextureAtlas imagePath="bfChristmas.png">
	<!-- Created with Adobe Animate version 20.5.0.29329 -->
	<!-- http://www.adobe.com/products/animate.html -->
	<SubTexture name="BF NOTE DOWN0000" x="0" y="0" width="494" height="400" pivotX="-9.5" pivotY="-45.55" frameX="-13" frameY="-9" frameWidth="507" frameHeight="409"/>
	<SubTexture name="BF NOTE DOWN0001" x="0" y="0" width="494" height="400" frameX="-13" frameY="-9" frameWidth="507" frameHeight="409"/>
	<SubTexture name="BF NOTE DOWN0002" x="494" y="0" width="502" height="402" frameX="0" frameY="0" frameWidth="507" frameHeight="409"/>
	<SubTexture name="BF NOTE DOWN0003" x="494" y="0" width="502" height="402" frameX="0" frameY="0" frameWidth="507" frameHeight="409"/>
	<SubTexture name="BF NOTE DOWN0004" x="494" y="0" width="502" height="402" frameX="0" frameY="0" frameWidth="507" frameHeight="409"/>
	<SubTexture name="BF NOTE DOWN0005" x="494" y="0" width="502" height="402" frameX="0" frameY="0" frameWidth="507" frameHeight="409"/>
	<SubTexture name="BF NOTE DOWN0006" x="494" y="0" width="502" height="402" frameX="0" frameY="0" frameWidth="507" frameHeight="409"/>
	<SubTexture name="BF NOTE DOWN0007" x="494" y="0" width="502" height="402" frameX="0" frameY="0" frameWidth="507" frameHeight="409"/>
	<SubTexture name="BF NOTE DOWN0008" x="494" y="0" width="502" height="402" frameX="0" frameY="0" frameWidth="507" frameHeight="409"/>
	<SubTexture name="BF NOTE DOWN0009" x="494" y="0" width="502" height="402" frameX="0" frameY="0" frameWidth="507" frameHeight="409"/>
	<SubTexture name="BF NOTE DOWN0010" x="494" y="0" width="502" height="402" frameX="0" frameY="0" frameWidth="507" frameHeight="409"/>
	<SubTexture name="BF NOTE DOWN MISS0000" x="0" y="0" width="494" height="400" pivotX="-9.5" pivotY="-45.55" frameX="-10" frameY="-52" frameWidth="507" frameHeight="409"/>
	<SubTexture name="BF NOTE DOWN MISS0001" x="996" y="0" width="495" height="432" frameX="-2" frameY="0" frameWidth="504" frameHeight="452"/>
	<SubTexture name="BF NOTE DOWN MISS0002" x="996" y="0" width="495" height="432" frameX="-2" frameY="0" frameWidth="504" frameHeight="452"/>
	<SubTexture name="BF NOTE DOWN MISS0003" x="1491" y="0" width="499" height="426" frameX="0" frameY="-6" frameWidth="504" frameHeight="452"/>
	<SubTexture name="BF NOTE DOWN MISS0004" x="1491" y="0" width="499" height="426" frameX="0" frameY="-6" frameWidth="504" frameHeight="452"/>
	<SubTexture name="BF NOTE DOWN MISS0005" x="1990" y="0" width="499" height="426" frameX="0" frameY="-6" frameWidth="504" frameHeight="452"/>
	<SubTexture name="BF NOTE DOWN MISS0006" x="1990" y="0" width="499" height="426" frameX="0" frameY="-6" frameWidth="504" frameHeight="452"/>
	<SubTexture name="BF NOTE DOWN MISS0007" x="1491" y="0" width="499" height="426" frameX="0" frameY="-6" frameWidth="504" frameHeight="452"/>
	<SubTexture name="BF NOTE DOWN MISS0008" x="1491" y="0" width="499" height="426" frameX="0" frameY="-6" frameWidth="504" frameHeight="452"/>
	<SubTexture name="BF NOTE DOWN MISS0009" x="1990" y="0" width="499" height="426" frameX="0" frameY="-6" frameWidth="504" frameHeight="452"/>
	<SubTexture name="BF NOTE DOWN MISS0010" x="1990" y="0" width="499" height="426" frameX="0" frameY="-6" frameWidth="504" frameHeight="452"/>
	<SubTexture name="BF NOTE DOWN MISS0011" x="1491" y="0" width="499" height="426" frameX="0" frameY="-6" frameWidth="504" frameHeight="452"/>
	<SubTexture name="BF NOTE DOWN MISS0012" x="1491" y="0" width="499" height="426" frameX="0" frameY="-6" frameWidth="504" frameHeight="452"/>
	<SubTexture name="BF NOTE DOWN MISS0013" x="1990" y="0" width="499" height="426" frameX="0" frameY="-6" frameWidth="504" frameHeight="452"/>
	<SubTexture name="BF NOTE DOWN MISS0014" x="1990" y="0" width="499" height="426" frameX="0" frameY="-6" frameWidth="504" frameHeight="452"/>
	<SubTexture name="BF NOTE DOWN MISS0015" x="1491" y="0" width="499" height="426" frameX="0" frameY="-6" frameWidth="504" frameHeight="452"/>
	<SubTexture name="BF NOTE DOWN MISS0016" x="1491" y="0" width="499" height="426" frameX="0" frameY="-6" frameWidth="504" frameHeight="452"/>
	<SubTexture name="BF NOTE DOWN MISS0017" x="1990" y="0" width="499" height="426" frameX="0" frameY="-6" frameWidth="504" frameHeight="452"/>
	<SubTexture name="BF NOTE DOWN MISS0018" x="1990" y="0" width="499" height="426" frameX="0" frameY="-6" frameWidth="504" frameHeight="452"/>
	<SubTexture name="BF NOTE DOWN MISS0019" x="1491" y="0" width="499" height="426" frameX="0" frameY="-6" frameWidth="504" frameHeight="452"/>
	<SubTexture name="BF NOTE DOWN MISS0020" x="1491" y="0" width="499" height="426" frameX="0" frameY="-6" frameWidth="504" frameHeight="452"/>
	<SubTexture name="BF NOTE DOWN MISS0021" x="1990" y="0" width="499" height="426" frameX="0" frameY="-6" frameWidth="504" frameHeight="452"/>
	<SubTexture name="BF NOTE DOWN MISS0022" x="1990" y="0" width="499" height="426" frameX="0" frameY="-6" frameWidth="504" frameHeight="452"/>
	<SubTexture name="BF NOTE DOWN MISS0023" x="1491" y="0" width="499" height="426" frameX="0" frameY="-6" frameWidth="504" frameHeight="452"/>
	<SubTexture name="BF NOTE DOWN MISS0024" x="1491" y="0" width="499" height="426" frameX="0" frameY="-6" frameWidth="504" frameHeight="452"/>
	<SubTexture name="BF NOTE LEFT0000" x="2489" y="0" width="462" height="469" pivotX="-27.75" pivotY="0" frameX="-6" frameY="-2" frameWidth="468" frameHeight="471"/>
	<SubTexture name="BF NOTE LEFT0001" x="2489" y="0" width="462" height="469" frameX="-6" frameY="-2" frameWidth="468" frameHeight="471"/>
	<SubTexture name="BF NOTE LEFT0002" x="2951" y="0" width="468" height="471"/>
	<SubTexture name="BF NOTE LEFT0003" x="2951" y="0" width="468" height="471"/>
	<SubTexture name="BF NOTE LEFT0004" x="2951" y="0" width="468" height="471"/>
	<SubTexture name="BF NOTE LEFT0005" x="2951" y="0" width="468" height="471"/>
	<SubTexture name="BF NOTE LEFT0006" x="2951" y="0" width="468" height="471"/>
	<SubTexture name="BF NOTE LEFT0007" x="2951" y="0" width="468" height="471"/>
	<SubTexture name="BF NOTE LEFT0008" x="2951" y="0" width="468" height="471"/>
	<SubTexture name="BF NOTE LEFT0009" x="2951" y="0" width="468" height="471"/>
	<SubTexture name="BF NOTE LEFT0010" x="2951" y="0" width="468" height="471"/>
	<SubTexture name="BF NOTE LEFT0011" x="2951" y="0" width="468" height="471"/>
	<SubTexture name="BF NOTE LEFT0012" x="2951" y="0" width="468" height="471"/>
	<SubTexture name="BF NOTE LEFT0013" x="2951" y="0" width="468" height="471"/>
	<SubTexture name="BF NOTE LEFT0014" x="2951" y="0" width="468" height="471"/>
	<SubTexture name="BF NOTE LEFT0015" x="2951" y="0" width="468" height="471"/>
	<SubTexture name="BF NOTE LEFT0016" x="2951" y="0" width="468" height="471"/>
	<SubTexture name="BF NOTE LEFT MISS0000" x="3419" y="0" width="462" height="469" pivotX="-27.4" pivotY="35" frameX="-6" frameY="-37" frameWidth="468" frameHeight="506"/>
	<SubTexture name="BF NOTE LEFT MISS0001" x="0" y="471" width="459" height="500" frameX="-2" frameY="0" frameWidth="468" frameHeight="506"/>
	<SubTexture name="BF NOTE LEFT MISS0002" x="0" y="471" width="459" height="500" frameX="-2" frameY="0" frameWidth="468" frameHeight="506"/>
	<SubTexture name="BF NOTE LEFT MISS0003" x="459" y="471" width="460" height="500" frameX="0" frameY="0" frameWidth="468" frameHeight="506"/>
	<SubTexture name="BF NOTE LEFT MISS0004" x="459" y="471" width="460" height="500" frameX="0" frameY="0" frameWidth="468" frameHeight="506"/>
	<SubTexture name="BF NOTE LEFT MISS0005" x="919" y="471" width="460" height="500" frameX="0" frameY="0" frameWidth="468" frameHeight="506"/>
	<SubTexture name="BF NOTE LEFT MISS0006" x="919" y="471" width="460" height="500" frameX="0" frameY="0" frameWidth="468" frameHeight="506"/>
	<SubTexture name="BF NOTE LEFT MISS0007" x="459" y="471" width="460" height="500" frameX="0" frameY="0" frameWidth="468" frameHeight="506"/>
	<SubTexture name="BF NOTE LEFT MISS0008" x="459" y="471" width="460" height="500" frameX="0" frameY="0" frameWidth="468" frameHeight="506"/>
	<SubTexture name="BF NOTE LEFT MISS0009" x="919" y="471" width="460" height="500" frameX="0" frameY="0" frameWidth="468" frameHeight="506"/>
	<SubTexture name="BF NOTE LEFT MISS0010" x="919" y="471" width="460" height="500" frameX="0" frameY="0" frameWidth="468" frameHeight="506"/>
	<SubTexture name="BF NOTE LEFT MISS0011" x="459" y="471" width="460" height="500" frameX="0" frameY="0" frameWidth="468" frameHeight="506"/>
	<SubTexture name="BF NOTE LEFT MISS0012" x="459" y="471" width="460" height="500" frameX="0" frameY="0" frameWidth="468" frameHeight="506"/>
	<SubTexture name="BF NOTE LEFT MISS0013" x="919" y="471" width="460" height="500" frameX="0" frameY="0" frameWidth="468" frameHeight="506"/>
	<SubTexture name="BF NOTE LEFT MISS0014" x="919" y="471" width="460" height="500" frameX="0" frameY="0" frameWidth="468" frameHeight="506"/>
	<SubTexture name="BF NOTE LEFT MISS0015" x="459" y="471" width="460" height="500" frameX="0" frameY="0" frameWidth="468" frameHeight="506"/>
	<SubTexture name="BF NOTE LEFT MISS0016" x="459" y="471" width="460" height="500" frameX="0" frameY="0" frameWidth="468" frameHeight="506"/>
	<SubTexture name="BF NOTE LEFT MISS0017" x="919" y="471" width="460" height="500" frameX="0" frameY="0" frameWidth="468" frameHeight="506"/>
	<SubTexture name="BF NOTE LEFT MISS0018" x="919" y="471" width="460" height="500" frameX="0" frameY="0" frameWidth="468" frameHeight="506"/>
	<SubTexture name="BF NOTE LEFT MISS0019" x="459" y="471" width="460" height="500" frameX="0" frameY="0" frameWidth="468" frameHeight="506"/>
	<SubTexture name="BF NOTE LEFT MISS0020" x="459" y="471" width="460" height="500" frameX="0" frameY="0" frameWidth="468" frameHeight="506"/>
	<SubTexture name="BF NOTE LEFT MISS0021" x="919" y="471" width="460" height="500" frameX="0" frameY="0" frameWidth="468" frameHeight="506"/>
	<SubTexture name="BF NOTE LEFT MISS0022" x="919" y="471" width="460" height="500" frameX="0" frameY="0" frameWidth="468" frameHeight="506"/>
	<SubTexture name="BF NOTE LEFT MISS0023" x="459" y="471" width="460" height="500" frameX="0" frameY="0" frameWidth="468" frameHeight="506"/>
	<SubTexture name="BF NOTE LEFT MISS0024" x="459" y="471" width="460" height="500" frameX="0" frameY="0" frameWidth="468" frameHeight="506"/>
	<SubTexture name="BF NOTE RIGHT0000" x="1379" y="471" width="456" height="482" pivotX="-41.8" pivotY="-17.75" frameX="-1" frameY="0" frameWidth="457" frameHeight="482"/>
	<SubTexture name="BF NOTE RIGHT0001" x="1379" y="471" width="456" height="482" frameX="-1" frameY="0" frameWidth="457" frameHeight="482"/>
	<SubTexture name="BF NOTE RIGHT0002" x="1835" y="471" width="440" height="479" frameX="0" frameY="-3" frameWidth="457" frameHeight="482"/>
	<SubTexture name="BF NOTE RIGHT0003" x="1835" y="471" width="440" height="479" frameX="0" frameY="-3" frameWidth="457" frameHeight="482"/>
	<SubTexture name="BF NOTE RIGHT0004" x="1835" y="471" width="440" height="479" frameX="0" frameY="-3" frameWidth="457" frameHeight="482"/>
	<SubTexture name="BF NOTE RIGHT0005" x="1835" y="471" width="440" height="479" frameX="0" frameY="-3" frameWidth="457" frameHeight="482"/>
	<SubTexture name="BF NOTE RIGHT0006" x="1835" y="471" width="440" height="479" frameX="0" frameY="-3" frameWidth="457" frameHeight="482"/>
	<SubTexture name="BF NOTE RIGHT0007" x="1835" y="471" width="440" height="479" frameX="0" frameY="-3" frameWidth="457" frameHeight="482"/>
	<SubTexture name="BF NOTE RIGHT0008" x="1835" y="471" width="440" height="479" frameX="0" frameY="-3" frameWidth="457" frameHeight="482"/>
	<SubTexture name="BF NOTE RIGHT0009" x="1835" y="471" width="440" height="479" frameX="0" frameY="-3" frameWidth="457" frameHeight="482"/>
	<SubTexture name="BF NOTE RIGHT0010" x="1835" y="471" width="440" height="479" frameX="0" frameY="-3" frameWidth="457" frameHeight="482"/>
	<SubTexture name="BF NOTE RIGHT0011" x="1835" y="471" width="440" height="479" frameX="0" frameY="-3" frameWidth="457" frameHeight="482"/>
	<SubTexture name="BF NOTE RIGHT0012" x="1835" y="471" width="440" height="479" frameX="0" frameY="-3" frameWidth="457" frameHeight="482"/>
	<SubTexture name="BF NOTE RIGHT0013" x="1835" y="471" width="440" height="479" frameX="0" frameY="-3" frameWidth="457" frameHeight="482"/>
	<SubTexture name="BF NOTE RIGHT0014" x="1835" y="471" width="440" height="479" frameX="0" frameY="-3" frameWidth="457" frameHeight="482"/>
	<SubTexture name="BF NOTE RIGHT0015" x="1835" y="471" width="440" height="479" frameX="0" frameY="-3" frameWidth="457" frameHeight="482"/>
	<SubTexture name="BF NOTE RIGHT0016" x="1835" y="471" width="440" height="479" frameX="0" frameY="-3" frameWidth="457" frameHeight="482"/>
	<SubTexture name="BF NOTE RIGHT MISS0000" x="1379" y="471" width="456" height="482" pivotX="-41.8" pivotY="-17.75" frameX="-13" frameY="-46" frameWidth="457" frameHeight="482"/>
	<SubTexture name="BF NOTE RIGHT MISS0001" x="2275" y="471" width="443" height="522" frameX="0" frameY="0" frameWidth="469" frameHeight="528"/>
	<SubTexture name="BF NOTE RIGHT MISS0002" x="2275" y="471" width="443" height="522" frameX="0" frameY="0" frameWidth="469" frameHeight="528"/>
	<SubTexture name="BF NOTE RIGHT MISS0003" x="2718" y="471" width="445" height="522" frameX="-1" frameY="0" frameWidth="469" frameHeight="528"/>
	<SubTexture name="BF NOTE RIGHT MISS0004" x="2718" y="471" width="445" height="522" frameX="-1" frameY="0" frameWidth="469" frameHeight="528"/>
	<SubTexture name="BF NOTE RIGHT MISS0005" x="3163" y="471" width="445" height="522" frameX="-1" frameY="0" frameWidth="469" frameHeight="528"/>
	<SubTexture name="BF NOTE RIGHT MISS0006" x="3163" y="471" width="445" height="522" frameX="-1" frameY="0" frameWidth="469" frameHeight="528"/>
	<SubTexture name="BF NOTE RIGHT MISS0007" x="2718" y="471" width="445" height="522" frameX="-1" frameY="0" frameWidth="469" frameHeight="528"/>
	<SubTexture name="BF NOTE RIGHT MISS0008" x="2718" y="471" width="445" height="522" frameX="-1" frameY="0" frameWidth="469" frameHeight="528"/>
	<SubTexture name="BF NOTE RIGHT MISS0009" x="3163" y="471" width="445" height="522" frameX="-1" frameY="0" frameWidth="469" frameHeight="528"/>
	<SubTexture name="BF NOTE RIGHT MISS0010" x="3163" y="471" width="445" height="522" frameX="-1" frameY="0" frameWidth="469" frameHeight="528"/>
	<SubTexture name="BF NOTE RIGHT MISS0011" x="2718" y="471" width="445" height="522" frameX="-1" frameY="0" frameWidth="469" frameHeight="528"/>
	<SubTexture name="BF NOTE RIGHT MISS0012" x="2718" y="471" width="445" height="522" frameX="-1" frameY="0" frameWidth="469" frameHeight="528"/>
	<SubTexture name="BF NOTE RIGHT MISS0013" x="3163" y="471" width="445" height="522" frameX="-1" frameY="0" frameWidth="469" frameHeight="528"/>
	<SubTexture name="BF NOTE RIGHT MISS0014" x="3163" y="471" width="445" height="522" frameX="-1" frameY="0" frameWidth="469" frameHeight="528"/>
	<SubTexture name="BF NOTE RIGHT MISS0015" x="2718" y="471" width="445" height="522" frameX="-1" frameY="0" frameWidth="469" frameHeight="528"/>
	<SubTexture name="BF NOTE RIGHT MISS0016" x="2718" y="471" width="445" height="522" frameX="-1" frameY="0" frameWidth="469" frameHeight="528"/>
	<SubTexture name="BF NOTE RIGHT MISS0017" x="3163" y="471" width="445" height="522" frameX="-1" frameY="0" frameWidth="469" frameHeight="528"/>
	<SubTexture name="BF NOTE RIGHT MISS0018" x="3163" y="471" width="445" height="522" frameX="-1" frameY="0" frameWidth="469" frameHeight="528"/>
	<SubTexture name="BF NOTE RIGHT MISS0019" x="2718" y="471" width="445" height="522" frameX="-1" frameY="0" frameWidth="469" frameHeight="528"/>
	<SubTexture name="BF NOTE RIGHT MISS0020" x="2718" y="471" width="445" height="522" frameX="-1" frameY="0" frameWidth="469" frameHeight="528"/>
	<SubTexture name="BF NOTE RIGHT MISS0021" x="3163" y="471" width="445" height="522" frameX="-1" frameY="0" frameWidth="469" frameHeight="528"/>
	<SubTexture name="BF NOTE RIGHT MISS0022" x="3163" y="471" width="445" height="522" frameX="-1" frameY="0" frameWidth="469" frameHeight="528"/>
	<SubTexture name="BF NOTE RIGHT MISS0023" x="2718" y="471" width="445" height="522" frameX="-1" frameY="0" frameWidth="469" frameHeight="528"/>
	<SubTexture name="BF NOTE RIGHT MISS0024" x="2718" y="471" width="445" height="522" frameX="-1" frameY="0" frameWidth="469" frameHeight="528"/>
	<SubTexture name="BF NOTE UP0000" x="3608" y="471" width="432" height="486" pivotX="-30.25" pivotY="-21.4" frameX="0" frameY="0" frameWidth="433" frameHeight="495"/>
	<SubTexture name="BF NOTE UP0001" x="3608" y="471" width="432" height="486" frameX="0" frameY="0" frameWidth="433" frameHeight="495"/>
	<SubTexture name="BF NOTE UP0002" x="0" y="993" width="432" height="490" frameX="-1" frameY="-5" frameWidth="433" frameHeight="495"/>
	<SubTexture name="BF NOTE UP0003" x="0" y="993" width="432" height="490" frameX="-1" frameY="-5" frameWidth="433" frameHeight="495"/>
	<SubTexture name="BF NOTE UP0004" x="0" y="993" width="432" height="490" frameX="-1" frameY="-5" frameWidth="433" frameHeight="495"/>
	<SubTexture name="BF NOTE UP0005" x="0" y="993" width="432" height="490" frameX="-1" frameY="-5" frameWidth="433" frameHeight="495"/>
	<SubTexture name="BF NOTE UP0006" x="0" y="993" width="432" height="490" frameX="-1" frameY="-5" frameWidth="433" frameHeight="495"/>
	<SubTexture name="BF NOTE UP0007" x="0" y="993" width="432" height="490" frameX="-1" frameY="-5" frameWidth="433" frameHeight="495"/>
	<SubTexture name="BF NOTE UP0008" x="0" y="993" width="432" height="490" frameX="-1" frameY="-5" frameWidth="433" frameHeight="495"/>
	<SubTexture name="BF NOTE UP0009" x="0" y="993" width="432" height="490" frameX="-1" frameY="-5" frameWidth="433" frameHeight="495"/>
	<SubTexture name="BF NOTE UP0010" x="0" y="993" width="432" height="490" frameX="-1" frameY="-5" frameWidth="433" frameHeight="495"/>
	<SubTexture name="BF NOTE UP0011" x="0" y="993" width="432" height="490" frameX="-1" frameY="-5" frameWidth="433" frameHeight="495"/>
	<SubTexture name="BF NOTE UP0012" x="0" y="993" width="432" height="490" frameX="-1" frameY="-5" frameWidth="433" frameHeight="495"/>
	<SubTexture name="BF NOTE UP0013" x="0" y="993" width="432" height="490" frameX="-1" frameY="-5" frameWidth="433" frameHeight="495"/>
	<SubTexture name="BF NOTE UP MISS0000" x="432" y="993" width="432" height="486" pivotX="-22.9" pivotY="15.25" frameX="-8" frameY="-36" frameWidth="451" frameHeight="530"/>
	<SubTexture name="BF NOTE UP MISS0001" x="864" y="993" width="451" height="526" frameX="0" frameY="-4" frameWidth="451" frameHeight="530"/>
	<SubTexture name="BF NOTE UP MISS0002" x="864" y="993" width="451" height="526" frameX="0" frameY="-4" frameWidth="451" frameHeight="530"/>
	<SubTexture name="BF NOTE UP MISS0003" x="1315" y="993" width="444" height="530" frameX="-4" frameY="0" frameWidth="451" frameHeight="530"/>
	<SubTexture name="BF NOTE UP MISS0004" x="1315" y="993" width="444" height="530" frameX="-4" frameY="0" frameWidth="451" frameHeight="530"/>
	<SubTexture name="BF NOTE UP MISS0005" x="1759" y="993" width="444" height="530" frameX="-4" frameY="0" frameWidth="451" frameHeight="530"/>
	<SubTexture name="BF NOTE UP MISS0006" x="1759" y="993" width="444" height="530" frameX="-4" frameY="0" frameWidth="451" frameHeight="530"/>
	<SubTexture name="BF NOTE UP MISS0007" x="1315" y="993" width="444" height="530" frameX="-4" frameY="0" frameWidth="451" frameHeight="530"/>
	<SubTexture name="BF NOTE UP MISS0008" x="1315" y="993" width="444" height="530" frameX="-4" frameY="0" frameWidth="451" frameHeight="530"/>
	<SubTexture name="BF NOTE UP MISS0009" x="1759" y="993" width="444" height="530" frameX="-4" frameY="0" frameWidth="451" frameHeight="530"/>
	<SubTexture name="BF NOTE UP MISS0010" x="1759" y="993" width="444" height="530" frameX="-4" frameY="0" frameWidth="451" frameHeight="530"/>
	<SubTexture name="BF NOTE UP MISS0011" x="1315" y="993" width="444" height="530" frameX="-4" frameY="0" frameWidth="451" frameHeight="530"/>
	<SubTexture name="BF NOTE UP MISS0012" x="1315" y="993" width="444" height="530" frameX="-4" frameY="0" frameWidth="451" frameHeight="530"/>
	<SubTexture name="BF NOTE UP MISS0013" x="1759" y="993" width="444" height="530" frameX="-4" frameY="0" frameWidth="451" frameHeight="530"/>
	<SubTexture name="BF NOTE UP MISS0014" x="1759" y="993" width="444" height="530" frameX="-4" frameY="0" frameWidth="451" frameHeight="530"/>
	<SubTexture name="BF NOTE UP MISS0015" x="1315" y="993" width="444" height="530" frameX="-4" frameY="0" frameWidth="451" frameHeight="530"/>
	<SubTexture name="BF NOTE UP MISS0016" x="1315" y="993" width="444" height="530" frameX="-4" frameY="0" frameWidth="451" frameHeight="530"/>
	<SubTexture name="BF NOTE UP MISS0017" x="1759" y="993" width="444" height="530" frameX="-4" frameY="0" frameWidth="451" frameHeight="530"/>
	<SubTexture name="BF NOTE UP MISS0018" x="1759" y="993" width="444" height="530" frameX="-4" frameY="0" frameWidth="451" frameHeight="530"/>
	<SubTexture name="BF NOTE UP MISS0019" x="1315" y="993" width="444" height="530" frameX="-4" frameY="0" frameWidth="451" frameHeight="530"/>
	<SubTexture name="BF NOTE UP MISS0020" x="1315" y="993" width="444" height="530" frameX="-4" frameY="0" frameWidth="451" frameHeight="530"/>
	<SubTexture name="BF NOTE UP MISS0021" x="1759" y="993" width="444" height="530" frameX="-4" frameY="0" frameWidth="451" frameHeight="530"/>
	<SubTexture name="BF NOTE UP MISS0022" x="1759" y="993" width="444" height="530" frameX="-4" frameY="0" frameWidth="451" frameHeight="530"/>
	<SubTexture name="BF NOTE UP MISS0023" x="1315" y="993" width="444" height="530" frameX="-4" frameY="0" frameWidth="451" frameHeight="530"/>
	<SubTexture name="BF NOTE UP MISS0024" x="1315" y="993" width="444" height="530" frameX="-4" frameY="0" frameWidth="451" frameHeight="530"/>
	<SubTexture name="BF idle dance0000" x="2203" y="993" width="435" height="467" pivotX="0" pivotY="0" frameX="-18" frameY="-13" frameWidth="453" frameHeight="482"/>
	<SubTexture name="BF idle dance0001" x="2203" y="993" width="435" height="467" frameX="-18" frameY="-13" frameWidth="453" frameHeight="482"/>
	<SubTexture name="BF idle dance0002" x="2638" y="993" width="442" height="475" frameX="-11" frameY="-6" frameWidth="453" frameHeight="482"/>
	<SubTexture name="BF idle dance0003" x="2638" y="993" width="442" height="475" frameX="-11" frameY="-6" frameWidth="453" frameHeight="482"/>
	<SubTexture name="BF idle dance0004" x="3080" y="993" width="448" height="475" frameX="-1" frameY="-6" frameWidth="453" frameHeight="482"/>
	<SubTexture name="BF idle dance0005" x="3528" y="993" width="444" height="475" frameX="-1" frameY="-6" frameWidth="453" frameHeight="482"/>
	<SubTexture name="BF idle dance0006" x="0" y="1523" width="444" height="481" frameX="-1" frameY="-1" frameWidth="453" frameHeight="482"/>
	<SubTexture name="BF idle dance0007" x="444" y="1523" width="442" height="481" frameX="-1" frameY="-1" frameWidth="453" frameHeight="482"/>
	<SubTexture name="BF idle dance0008" x="886" y="1523" width="443" height="482" frameX="0" frameY="0" frameWidth="453" frameHeight="482"/>
	<SubTexture name="BF idle dance0009" x="886" y="1523" width="443" height="482" frameX="0" frameY="0" frameWidth="453" frameHeight="482"/>
	<SubTexture name="BF idle dance0010" x="886" y="1523" width="443" height="482" frameX="0" frameY="0" frameWidth="453" frameHeight="482"/>
	<SubTexture name="BF idle dance0011" x="886" y="1523" width="443" height="482" frameX="0" frameY="0" frameWidth="453" frameHeight="482"/>
	<SubTexture name="BF idle dance0012" x="886" y="1523" width="443" height="482" frameX="0" frameY="0" frameWidth="453" frameHeight="482"/>
	<SubTexture name="BF idle dance0013" x="886" y="1523" width="443" height="482" frameX="0" frameY="0" frameWidth="453" frameHeight="482"/>
</TextureAtlas>
